imdb_id,original_title,popularity,release_date,revenue,runtime,Genres
tt0109021,8 Seconds,1.888534,25-02-1994,0,105,Adventure
tt0106489,A Bronx Tale,6.115628,14-09-1993,17287898,121,Thriller
tt0116275,A Family Thing,6.207993,29-03-1996,0,109,Drama
tt0109920,A Good Man in Africa,5.22583,14-07-1994,0,94,Adventure
tt0113198,A Goofy Movie,10.177977,07-04-1995,35348597,78,Documentry
tt0109934,A Great Day in Harlem,0.076352,27-09-1994,0,60,Action
tt0113538,A Kid in King Arthur's Court,5.874511,11-08-1995,0,89,Drama
tt0113670,A Little Princess,7.731725,10-05-1995,0,97,Drama
tt0110399,A Low Down Dirty Shame,3.021526,23-11-1994,29392418,100,Action
tt0110455,A Man of No Importance,0.406113,22-12-1994,953,99,Adventure
tt0113403,A Midwinter's Tale,0.513391,01-12-1995,0,99,Drama
tt0113839,A Modern Affair,0.173207,06-09-1996,0,90,Adventure
tt0107808,A Perfect World,8.040589,24-11-1993,135130999,138,Adventure
tt0114210,A Pyromaniac's Love Story,0.463307,28-04-1995,0,94,Documentry
tt0111194,A Simple Twist of Fate,4.13516,02-09-1994,0,106,Thriller
tt0117891,A Thin Line Between Love and Hate,2.256747,04-04-1996,0,108,Music
tt0114887,A Walk in the Clouds,9.715639,11-08-1995,50012507,103,Drama
tt0109035,Above the Rim,4.38154,23-03-1994,0,96,Drama
tt0109040,Ace Ventura: Pet Detective,11.247957,04-02-1994,107217396,86,Drama
tt0112281,Ace Ventura: When Nature Calls,8.205448,10-11-1995,212385533,90,Thriller
tt0112286,Across the Sea of Time,0.114469,20-10-1995,0,51,Family
tt0106220,Addams Family Values,17.555909,19-11-1993,48919043,94,Drama
tt0115509,All Dogs Go to Heaven 2,5.028897,29-03-1996,8620678,82,Action
tt0109093,Amateur,1.759012,05-08-1994,0,105,Drama
tt0112427,An Awfully Big Adventure,0.922958,21-07-1995,851545,113,Family
tt0109120,Andre,3.139316,17-08-1994,0,94,Action
tt0112364,Angela,2.197439,01-01-1995,0,99,Adventure
tt0112365,Angels and Insects,2.15166,10-09-1995,0,118,Fantasy
tt0112373,Anne Frank Remembered,0.243986,08-06-1995,1,117,Comedy
tt0106292,Another Stakeout,12.967239,22-07-1993,0,105,Drama
tt0112379,Antonia,2.030174,12-09-1995,0,102,Drama
tt0112384,Apollo 13,18.761467,30-06-1995,355237933,140,Drama
tt0112401,Assassins,11.065939,06-10-1995,30303072,132,Music
tt0112431,Babe,14.404764,18-07-1995,254134910,89,Comedy
tt0106339,Backbeat,2.487951,01-04-1994,0,100,Thriller
tt0112442,Bad Boys,9.262184,07-04-1995,141407024,118,Comedy
tt0112443,Bad Company,0.912415,20-01-1995,0,108,Action
tt0109198,Bad Girls,14.644772,22-04-1994,15240435,99,Comedy
tt0112453,Balto,12.140733,22-12-1995,11348324,78,Drama
tt0109219,Barcelona,1.632711,29-07-1994,0,100,Comedy
tt0096895,Batman,19.10673,23-06-1989,411348924,126,Thriller
tt0112462,Batman Forever,13.321354,16-06-1995,336529144,121,Drama
tt0115639,Beautiful Girls,4.670562,09-02-1996,0,112,Drama
tt0101414,Beauty and the Beast,23.433511,13-11-1991,377350553,84,Documentry
tt0115644,Bed of Roses,10.412194,26-01-1996,19030691,87,Documentry
tt0115645,Before and After,2.938293,23-02-1996,0,108,Fantasy
tt0112471,Before Sunrise,11.304979,27-01-1995,5535405,105,Music
tt0110882,Before the Rain,3.525649,09-06-1994,763847,113,Music
tt0106379,Being Human,2.783872,06-05-1994,0,122,Animation
tt0061395,Belle de jour,10.142662,24-05-1967,0,101,Adventure
tt0109254,Beverly Hills Cop III,11.787784,24-05-1994,119208989,104,Family
tt0106402,Beyond Bedlam,0.426952,22-04-1994,0,89,Drama
tt0112495,Beyond Rangoon,2.04189,24-05-1995,0,100,Thriller
tt0106408,Bhaji on the Beach,0.441585,21-01-1994,0,100,Music
tt0115676,Big Bully,2.936443,26-01-1996,2042530,90,Adventure
tt0112508,Billy Madison,6.638116,10-02-1995,26488734,89,Thriller
tt0115683,Bio-Dome,6.387469,12-01-1996,0,88,Family
tt0104779,Bitter Moon,11.298195,02-09-1992,1862805,139,Thriller
tt0109279,Black Beauty,8.398845,29-07-1994,0,88,Drama
tt0115697,Black Sheep,8.963037,01-02-1996,32,87,Comedy
tt0083658,Blade Runner,96.272374,25-06-1982,33139618,117,Music
tt0109297,Blink,3.00282,26-01-1994,16668552,106,Drama
tt0109303,Blown Away,13.155071,01-07-1994,30156002,121,Drama
tt0109305,Blue Chips,6.131056,18-02-1994,0,108,Adventure
tt0112541,Blue in the Face,11.528147,15-09-1995,1275000,83,Thriller
tt0109306,Blue Sky,4.993829,16-09-1994,0,101,Drama
tt0106452,Body Snatchers,6.559693,09-06-1993,428868,87,Adventure
tt0103859,Boomerang,6.506983,30-06-1992,70100000,117,Drama
tt0115734,Bottle Rocket,6.904831,21-02-1996,560069,91,Thriller
tt0106471,Boxing Helena,4.304224,18-06-1993,1796389,107,Thriller
tt0112570,"Boys Life: Three Stories of Love, Lust, and Liberation",0.054148,30-09-1994,0,91,Drama
tt0112571,Boys on the Side,3.030309,03-02-1995,23450000,115,Drama
tt0112573,Braveheart,20.755149,24-05-1995,210000000,177,Drama
tt0115759,Broken Arrow,14.957626,09-02-1996,150270147,108,Drama
tt0109339,Brother Minister: The Assassination of Malcolm X,0.0368,01-03-1995,0,115,Documentry
tt0109348,Bullets Over Broadway,5.72288,14-10-1994,0,98,Documentry
tt0112602,Bushwhacked,3.287036,04-08-1995,0,90,Adventure
tt0112606,Bye Bye Love,2.47308,16-03-1995,0,106,Adventure
tt0109361,Cabin Boy,1.679042,07-01-1994,3662459,80,Documentry
tt0106505,Calendar Girl,1.316741,03-09-1993,2570145,90,Adventure
tt0109370,Canadian Bacon,5.391556,08-06-1995,178104,91,Documentry
tt0112625,Candyman: Farewell to the Flesh,4.983552,17-03-1995,13940383,93,Action
tt0106519,Carlito's Way,8.698509,10-11-1993,36516012,144,Documentry
tt0109382,Caro diario,2.904734,12-10-1993,0,100,Family
tt0115837,Carried Away,1.67218,26-01-1996,0,109,Drama
tt0112637,Carrington,1.493361,08-11-1995,0,121,Comedy
tt0112641,Casino,10.137389,22-11-1995,116112375,178,Drama
tt0112642,Casper,12.812539,26-05-1995,287928194,100,Adventure
tt0112643,Castle Freak,2.26977,04-08-1995,0,95,Action
tt0112646,Catwalk,0.976707,08-12-1995,0,95,Adventure
tt0106537,Century,1.461029,31-12-1993,0,112,Drama
tt0109403,Chasers,9.85327,22-04-1994,1596687,102,Thriller
tt0112679,Circle of Friends,2.605521,16-03-1995,0,103,Adventure
tt0115907,City Hall,4.807223,16-02-1996,0,111,Thriller
tt0109439,City Slickers II: The Legend of Curly's Gold,8.605703,10-06-1994,0,116,Music
tt0109443,Clean Slate,2.724621,06-05-1994,7355425,107,Music
tt0109444,Clear and Present Danger,7.513245,03-08-1994,215887717,141,Adventure
tt0109445,Clerks,10.513367,13-09-1994,3151130,92,Fantasy
tt0106582,Cliffhanger,9.830853,28-05-1993,255000211,112,Thriller
tt0112688,Clockers,4.558992,15-09-1995,13071518,128,Documentry
tt0112697,Clueless,9.882383,19-07-1995,0,97,Drama
tt0109450,Cobb,2.583363,02-12-1994,1007583,128,Adventure
tt0112702,Coldblooded,2.342756,15-09-1995,0,92,Drama
tt0109456,Color of Night,14.228963,19-08-1994,19726050,121,Drama
tt0103994,Como agua para chocolate,4.126083,16-04-1992,21665468,105,Thriller
tt0112712,Condition Red,0.793932,08-12-1995,0,83,Documentry
tt0106598,Coneheads,10.722729,23-07-1993,0,88,Adventure
tt0112715,Congo,7.260574,09-06-1995,152022101,109,Music
tt0109480,Cops & Robbersons,7.042878,15-04-1994,0,93,Drama
tt0112722,Copycat,10.701801,27-10-1995,0,124,Documentry
tt0109484,"Corrina, Corrina",6.924689,12-08-1994,0,115,Music
tt0112740,Crimson Tide,8.657365,12-05-1995,157387195,116,Music
tt0104029,Cronos,5.513024,12-09-1993,0,94,Documentry
tt0109504,Crooklyn,2.533022,13-05-1994,0,115,Music
tt0109508,Crumb,3.620388,10-09-1994,3174695,119,Thriller
tt0112749,"Cry, the Beloved Country",0.894647,15-12-1995,676525,106,Drama
tt0112760,Cutthroat Island,7.284477,22-12-1995,10017322,119,Adventure
tt0099348,Dances with Wolves,11.654349,09-11-1990,424208848,181,Adventure
tt0106660,Dangerous Game,2.70097,19-11-1993,0,108,Adventure
tt0112792,Dangerous Minds,9.481338,11-08-1995,180000000,99,Fantasy
tt0106673,Dave,13.696394,07-05-1993,63000000,110,Fantasy
tt0106677,Dazed and Confused,6.8652,24-09-1993,7993039,102,Action
tt0106678,De eso no se habla,1.213481,20-05-1993,0,106,Family
tt0112818,Dead Man Walking,6.891317,29-12-1995,39363635,122,Animation
tt0112819,Dead Presidents,9.87957,06-10-1995,0,119,Adventure
tt0109579,Death and the Maiden,5.484156,04-05-1994,0,103,Family
tt0106697,Demolition Man,11.626116,08-10-1993,159055768,115,Drama
tt0112844,Denise Calls Up,0.466476,17-05-1995,0,80,Fantasy
tt0112849,Desert Winds,0.251223,31-12-1997,0,97,Drama
tt0112851,Desperado,6.950458,25-08-1995,25405445,104,Adventure
tt0112854,Destiny Turns on the Radio,0.710671,28-04-1995,0,0,Animation
tt0112857,Devil in a Blue Dress,4.646132,15-09-1995,16140822,102,Drama
tt0116095,Diabolique,4.530079,22-03-1996,0,107,Family
tt0112864,Die Hard: With a Vengeance,15.138855,19-05-1995,366101666,128,Drama
tt0107472,Die Macht der Bilder: Leni Riefenstahl,0.568884,11-09-1993,449707,180,Comedy
tt0109635,Disclosure,11.812244,09-12-1994,214015089,123,Drama
tt0109642,Dolores Claiborne,5.8025,24-03-1995,0,132,Family
tt0112883,Don Juan DeMarco,7.438934,01-10-1994,22200000,97,Action
tt0116126,Don't Be a Menace to South Central While Drinking Your Juice in the Hood,11.700115,12-01-1996,0,89,Animation
tt0109655,Double Happiness,0.372239,07-09-1994,759393,87,Drama
tt0116130,Down Periscope,5.184977,01-03-1996,0,92,Adventure
tt0112896,Dracula: Dead and Loving It,5.430331,22-12-1995,0,88,Drama
tt0112899,Dream Man,0.155859,01-01-1995,0,0,Comedy
tt0109676,Drop Zone,9.579155,08-12-1994,0,101,Comedy
tt0109686,Dumb and Dumber,9.844558,16-12-1994,247275374,107,Drama
tt0109758,Exit to Eden,4.322726,14-10-1994,6841570,113,Adventure
tt0109759,Exotica,5.378467,24-09-1994,0,103,Drama
tt0116260,Eye for an Eye,4.733526,12-01-1996,0,101,Comedy
tt0113010,Fair Game,5.912223,03-11-1995,11534477,91,Adventure
tt0113014,Fall Time,1.108494,13-05-1995,0,88,Drama
tt0113028,Far from Home: The Adventures of Yellow Dog,2.657337,13-01-1995,0,87,Thriller
tt0116282,Fargo,12.61469,05-04-1996,60611975,98,Comedy
tt0109771,Farinelli,8.935058,07-12-1994,0,111,Music
tt0059170,"Faster, Pussycat! Kill! Kill!",4.220541,06-08-1965,0,83,Comedy
tt0106873,Fatal Instinct,3.555139,29-10-1993,0,91,Animation
tt0113041,Father of the Bride Part II,8.387519,10-02-1995,76578911,106,Action
tt0106880,Fear of a Black Hat,0.985441,28-10-1994,0,88,Drama
tt0106881,Fearless,9.284624,15-10-1993,0,122,Drama
tt0113044,Feast of July,0.523575,12-10-1995,0,116,Adventure
tt0109785,Federal Hill,0.100685,24-02-1995,0,97,Music
tt0113071,First Knight,15.178338,07-07-1995,127600435,134,Fantasy
tt0106926,Flesh and Bone,1.896869,05-11-1993,9488998,126,Adventure
tt0116324,Flirting with Disaster,5.579088,22-03-1996,14702438,92,Drama
tt0113089,Fluke,4.953936,02-06-1995,0,96,Documentry
tt0106941,For Love or Money,8.468869,01-10-1993,11146270,94,Adventure
tt0109828,Foreign Student,0.002789,29-07-1994,0,90,Drama
tt0113097,Forget Paris,16.236745,19-05-1995,0,101,Thriller
tt0109830,Forrest Gump,48.307194,06-07-1994,677945399,142,Drama
tt0113101,Four Rooms,9.026586,09-12-1995,4300000,98,Thriller
tt0109831,Four Weddings and a Funeral,8.990345,09-03-1994,254700832,117,Action
tt0113104,Frank and Ollie,0.142357,20-10-1995,0,89,Drama
tt0109836,Frankenstein,14.287753,04-11-1994,112006296,123,Drama
tt0113107,Frankie Starlight,0.637554,22-11-1995,0,101,Documentry
tt0106965,Free Willy,5.990572,16-07-1993,153698625,112,Thriller
tt0113114,Free Willy 2 - The Adventure Home,7.575098,19-07-1995,0,95,Action
tt0113117,French Kiss,9.146544,05-05-1995,0,111,Adventure
tt0106966,Fresa y chocolate,1.777197,01-01-1993,0,108,Adventure
tt0109842,Fresh,3.970215,24-08-1994,0,114,Documentry
tt0113118,Friday,14.56965,26-04-1995,28215918,91,Adventure
tt0113122,Frisk,0.319215,22-03-1996,0,88,Comedy
tt0116367,From Dusk Till Dawn,15.339153,19-01-1996,25836616,108,Drama
tt0113125,From the Journals of Jean Seberg,0.276401,08-09-1995,0,97,Drama
tt0113149,Gazon maudit,2.518051,08-02-1995,0,95,Drama
tt0113158,Georgia,4.093443,19-05-1995,0,115,Drama
tt0107002,Germinal,2.759302,29-09-1993,0,160,Thriller
tt0107004,Geronimo: An American Legend,4.653462,10-12-1993,18635620,115,Documentry
tt0113161,Get Shorty,12.669608,20-10-1995,115101622,105,Adventure
tt0109891,Getting Even with Dad,2.410545,17-06-1994,0,109,Music
tt0099653,Ghost,11.945397,12-07-1990,505000000,127,Drama
tt0116414,Girl 6,4.405169,22-03-1996,4939939,108,Family
tt0113173,Girl in the Cadillac,0.405392,24-10-1995,0,89,Adventure
tt0109913,Go Fish,0.775898,10-06-1994,0,83,Thriller
tt0113189,GoldenEye,14.686036,16-11-1995,352194034,130,Family
tt0113199,Gordy,0.398924,12-05-1995,3992809,90,Music
tt0113200,Gospa,0.918504,12-10-1995,0,125,Drama
tt0113228,Grumpier Old Men,11.7129,22-12-1995,0,101,Adventure
tt0109950,Guardian Angel,0.595949,22-11-1994,0,93,Music
tt0114952,"Guillaumet, les ailes du courage",0.745542,18-09-1996,0,50,Drama
tt0107057,Guilty as Sin,5.385108,04-06-1993,22886222,107,Drama
tt0113234,Gumby: The Movie,0.090452,01-12-1995,0,77,Thriller
tt0113243,Hackers,14.810519,14-09-1995,7563728,107,Drama
tt0116483,Happy Gilmore,9.592265,16-02-1996,41205099,92,Documentry
tt0107076,Hard Target,7.834351,20-08-1993,74189677,97,Drama
tt0089256,Harem,1.825468,20-11-1985,0,113,Drama
tt0113276,Headless Body in Topless Bar,0.001346,20-05-1995,0,110,Drama
tt0113277,Heat,17.924927,15-12-1995,187436818,170,Drama
tt0107096,Heaven & Earth,4.190541,24-12-1993,0,140,Action
tt0110005,Heavenly Creatures,9.438042,02-09-1994,3049135,99,Drama
tt0082509,Heavy Metal,7.640073,07-08-1981,0,90,Animation
tt0110006,Heavyweights,9.546707,17-02-1995,17689177,100,Fantasy
tt0113283,Heidi Fleiss: Hollywood Madam,0.638211,27-12-1995,0,106,Adventure
tt0116514,Hellraiser: Bloodline,5.263187,08-03-1996,16675000,86,Family
tt0113303,Hideaway,8.182165,03-03-1995,12201255,103,Adventure
tt0113305,Higher Learning,7.817811,11-01-1995,38290723,127,Adventure
tt0110027,Highlander III: The Sorcerer,6.866634,29-11-1994,36800000,99,Music
tt0113319,Homage,0.014925,03-05-1995,0,97,Thriller
tt0099785,Home Alone,0.702543,09-11-1990,476684675,103,Drama
tt0113321,Home for the Holidays,8.416802,02-11-1995,17519169,103,Adventure
tt0116552,Homeward Bound II: Lost in San Francisco,14.657754,08-03-1996,32709423,89,Comedy
tt0110057,Hoop Dreams,9.47666,12-09-1994,7830611,171,Drama
tt0107144,Hot Shots! Part Deux,13.482371,21-05-1993,133752825,86,Adventure
tt0110064,House Party 3,0.996047,01-01-1994,0,100,Comedy
tt0110066,Houseguest,2.688562,06-01-1995,26325256,113,Action
tt0113347,How To Make An American Quilt,4.485958,06-10-1995,23574130,116,Thriller
tt0110091,I Like It Like That,0.289295,14-10-1994,1777020,104,Fantasy
tt0110093,I Love Trouble,3.570874,29-06-1994,61947267,123,Action
tt0110099,I.Q.,5.146352,24-12-1994,0,100,Drama
tt0116606,If Lucy Fell,2.891918,08-03-1996,0,92,Animation
tt0110877,Il postino,10.168437,22-09-1994,0,108,Fantasy
tt0110097,I'll Do Anything,1.742974,04-02-1994,0,115,Animation
tt0110116,Immortal Beloved,7.983666,16-12-1994,0,121,Adventure
tt0110123,In the Army Now,6.071466,12-08-1994,28881266,91,Family
tt0107206,In the Line of Fire,12.637158,08-07-1993,176997168,128,Family
tt0113409,In the Mouth of Madness,8.497643,12-12-1994,8946600,95,Thriller
tt0107207,In the Name of the Father,7.405895,12-12-1993,65796862,133,Drama
tt0110148,Interview with the Vampire,11.970205,11-11-1994,223664608,123,Comedy
tt0110167,It Could Happen to You,11.272073,29-07-1994,0,101,Drama
tt0113442,It Takes Two,7.777735,17-11-1995,0,101,Family
tt0113448,Jack & Sarah,1.523446,02-06-1995,218626,110,Animation
tt0113451,Jade,11.418917,13-10-1995,9851610,95,Music
tt0116684,Jane Eyre,2.420301,09-02-1996,0,112,Drama
tt0110186,Jason's Lyric,0.912909,28-09-1994,20851521,119,Animation
tt0113463,Jefferson in Paris,1.596058,31-03-1995,2474000,139,Comedy
tt0113464,Jeffrey,3.196456,18-08-1995,0,92,Comedy
tt0110197,Jimmy Hollywood,4.563989,30-03-1994,0,112,Adventure
tt0113481,Johnny Mnemonic,11.715868,26-05-1995,19075720,97,Comedy
tt0113492,Judge Dredd,8.184815,30-06-1995,113493481,96,Animation
tt0107286,Judgment Night,5.538671,15-10-1993,12136938,110,Drama
tt0113497,Jumanji,17.015539,15-12-1995,262797249,104,Action
tt0110216,Junior,6.710215,22-11-1994,37000000,109,Family
tt0110217,Jupiter's Wife,0.001178,01-01-1995,0,87,Thriller
tt0107290,Jurassic Park,8.863776,11-06-1993,920100000,127,Adventure
tt0113500,Jury Duty,3.676921,12-04-1995,17014653,88,Family
tt0110251,Keiner liebt mich,1.015068,07-11-1994,0,104,Music
tt0113537,Kicking and Screaming,3.367276,06-10-1995,718490,96,Thriller
tt0113540,Kids,4.877872,28-07-1995,7412216,91,Family
tt0113541,Kids of the Round Table,0.307075,08-07-1997,0,89,Action
tt0107315,Kika,3.647321,28-10-1993,0,117,Documentry
tt0110259,Killer,0.422224,14-09-1994,0,97,Drama
tt0110265,Killing Zoe,4.948569,01-10-1993,418961,96,Thriller
tt0107322,King of the Hill,4.375347,20-08-1993,0,103,Documentry
tt0113552,Kiss of Death,7.797512,21-04-1995,0,101,Drama
tt0113083,La flor de mi secreto,2.286788,22-09-1995,0,107,Drama
tt0113247,La Haine,12.108196,31-05-1995,0,98,Adventure
tt0110963,La Reine Margot,4.405405,13-05-1994,0,162,Action
tt0114671,Land and Freedom,6.144235,01-01-1995,0,109,Adventure
tt0110305,Lassie,3.645342,22-07-1994,0,94,Adventure
tt0107362,Last Action Hero,9.434006,18-06-1993,137298489,130,Documentry
tt0113612,Last Summer in the Hamptons,0.531159,22-11-1995,0,108,Adventure
tt0116839,Lawnmower Man 2: Beyond Cyberspace,2.49535,12-01-1996,2409225,92,Drama
tt0112556,Le Bonheur est dans le pré,1.254885,31-01-1995,0,106,Drama
tt0109454,Le colonel Chabert,0.934312,01-01-1994,0,110,Comedy
tt0112714,Le confessionnal,0.120789,29-09-1995,0,100,Action
tt0113627,Leaving Las Vegas,10.332025,27-10-1995,49800000,112,Thriller
tt0110322,Legends of the Fall,12.199047,16-12-1994,160638883,133,Documentry
tt0113749,Mallrats,8.25547,20-10-1995,2122561,94,Drama
tt0113755,Man of the House,2.558118,03-03-1995,0,96,Drama
tt0113756,Man of the Year,0.540436,15-09-1995,209935,86,Drama
tt0107507,Manhattan Murder Mystery,8.939404,18-08-1993,11285588,104,Action
tt0113774,Margaret's Museum,0.372697,13-09-1995,0,114,Action
tt0111804,Martin Lawrence: You So Crazy,0.394194,27-04-1994,0,84,Action
tt0117002,Mary Reilly,12.866139,23-02-1996,12379402,104,Family
tt0110478,Maverick,15.050326,20-05-1994,0,127,Drama
tt0107554,Menace II Society,5.260924,26-05-1993,27900000,97,Adventure
tt0107566,Mi Vida Loca,1.788829,08-06-1994,0,92,Music
tt0113808,Miami Rhapsody,1.137266,27-01-1995,5,95,Action
tt0113819,Mighty Aphrodite,15.899134,13-09-1995,6700000,95,Thriller
tt0113820,Mighty Morphin Power Rangers: The Movie,7.024227,30-06-1995,66000000,92,Adventure
tt0110516,Milk Money,3.770115,31-08-1994,18137661,108,Adventure
tt0110527,Miracle on 34th Street,5.831622,18-11-1994,46264384,114,Fantasy
tt0113827,Mirage,0.302957,21-11-1995,0,92,Thriller
tt0110538,Mixed Nuts,2.899608,21-12-1994,0,97,Action
tt0113845,Money Train,7.337906,21-11-1995,35431113,103,Documentry
tt0113851,Moonlight and Valentino,1.01115,29-09-1995,0,100,Thriller
tt0113855,Mortal Kombat,10.870138,18-08-1995,122195920,101,Adventure
tt0113862,Mr. Holland's Opus,7.137117,29-12-1995,106269971,137,Comedy
tt0107611,Mr. Jones,6.579753,08-10-1993,0,114,Comedy
tt0107613,Mr. Wonderful,13.011091,15-10-1993,0,98,Animation
tt0117102,Mr. Wrong,3.329264,16-02-1996,0,96,Documentry
tt0107614,Mrs. Doubtfire,11.16553,24-11-1993,441286195,125,Family
tt0110588,Mrs. Parker and the Vicious Circle,4.739054,07-09-1994,0,125,Drama
tt0107616,Much Ado About Nothing,8.62724,07-05-1993,0,111,Comedy
tt0117110,Muppet Treasure Island,6.902423,16-02-1996,34327391,100,Thriller
tt0113870,Murder in the First,9.518564,20-01-1995,17381942,122,Comedy
tt0110598,Muriel's Wedding,5.254847,29-09-1994,15119639,106,Drama
tt0110604,Mute Witness,2.466066,28-09-1995,1,95,Thriller
tt0113896,My Family,3.121288,03-05-1995,0,128,Drama
tt0110620,Nadja,7.720056,13-09-1994,0,93,Documentry
tt0107653,Naked,8.665198,14-09-1993,0,131,Family
tt0110623,Naked in New York,0.449733,10-11-1993,0,95,Adventure
tt0110632,Natural Born Killers,11.226856,25-08-1994,50282766,119,Adventure
tt0110638,Nell,5.930957,23-12-1994,106683817,112,Animation
tt0113948,Nemesis 2 - Nebula,1.466491,26-09-1995,0,83,Drama
tt0113967,New Jersey Drive,0.629955,19-04-1995,0,98,Family
tt0111686,New Nightmare,9.860522,13-10-1994,18090181,112,Family
tt0117169,New York Cop,0.004537,14-08-1993,0,93,Family
tt0113972,Nick of Time,6.848591,22-11-1995,8175346,90,Comedy
tt0113973,Nico Icon,0.133893,18-02-1995,0,70,Music
tt0110671,Nina Takes a Lover,0.769522,03-03-1995,0,100,Drama
tt0113986,Nine Months,8.482834,12-07-1995,69660733,103,Documentry
tt0113987,Nixon,5.092,22-12-1995,13681765,192,Drama
tt0110678,No Escape,9.715187,29-04-1994,15340000,118,Drama
tt0110684,Nobody's Fool,2.891269,23-12-1994,0,110,Comedy
tt0110687,North,15.534707,22-07-1994,0,87,Adventure
tt0114011,Now and Then,8.681325,20-10-1995,27400000,100,Drama
tt0114057,Othello,1.845899,15-12-1995,0,123,Adventure
tt0114069,Outbreak,13.676444,10-03-1995,189859560,127,Thriller
tt0070506,Pane e cioccolata,1.306628,05-05-1974,0,100,Drama
tt0114084,Panther,7.160149,10-11-1995,6834525,124,Music
tt0110769,Pao Da Shuang Deng,0.078257,14-10-1994,0,111,Animation
tt0107779,"Paris, France",0.741522,04-02-1994,0,112,Drama
tt0114095,Party Girl,1.165039,09-06-1995,472370,94,Music
tt0114117,Persuasion,2.228434,27-09-1995,0,104,Drama
tt0107818,Philadelphia,13.373006,22-12-1993,206678440,125,Thriller
tt0114129,Picture Bride,1.296912,05-05-1995,0,94,Drama
tt0114131,Pie in the Sky,0.699066,09-02-1996,0,95,Documentry
tt0032910,Pinocchio,14.202284,23-02-1940,84300000,88,Music
tt0114148,Pocahontas,13.280069,14-06-1995,346079773,81,Adventure
tt0107840,Poetic Justice,6.972599,23-07-1993,27515786,109,Documentry
tt0114151,Poison Ivy II: Lily,6.448039,16-01-1996,0,106,Thriller
tt0110889,Priest,1.881932,01-01-1994,4176932,98,Adventure
tt0117381,Primal Fear,10.326213,03-04-1996,102616183,129,Adventure
tt0110892,Princess Caraboo,1.943323,16-09-1994,3021629,97,Comedy
tt0110912,Pulp Fiction,140.950236,10-09-1994,213928762,154,Music
tt0105652,Pushing Hands,1.638622,01-02-1992,152322,105,Thriller
tt0110932,Quiz Show,7.772505,16-09-1994,0,133,Drama
tt0117427,Race the Sun,1.317878,22-03-1996,0,100,Family
tt0110939,Radioland Murders,8.506727,21-10-1994,0,108,Music
tt0110950,Reality Bites,6.514592,18-02-1994,20079850,99,Adventure
tt0114241,Reckless,0.119713,17-11-1995,0,91,Thriller
tt0105226,Red Rock West,5.137903,08-07-1993,2000000,98,Thriller
tt0110965,Relative Fear,0.499601,03-10-1995,0,90,Family
tt0110971,Renaissance Man,4.985157,03-06-1994,24332324,128,Adventure
tt0114268,Rent-a-Kid,1.155255,01-01-1995,0,85,Family
tt0114272,Restoration,10.979269,29-12-1995,0,117,Drama
tt0114279,Richard III,4.561387,29-12-1995,0,104,Drama
tt0107969,Rising Sun,6.279082,30-07-1993,107198790,125,Drama
tt0114287,Rob Roy,10.193549,13-04-1995,31596911,139,Drama
tt0107977,Robin Hood: Men in Tights,17.136672,28-07-1993,35739755,104,Adventure
tt0107978,RoboCop 3,8.685798,17-04-1993,10696210,104,Action
tt0107983,Romeo Is Bleeding,9.796318,13-09-1993,3275585,100,Fantasy
tt0105275,Romper Stomper,5.157926,05-03-1992,0,94,Action
tt0114296,Roommates,3.395867,01-03-1995,12400000,108,Fantasy
tt0117517,Roula - Dunkle Geheimnisse,0.149157,11-09-1995,0,97,Drama
tt0108000,Ruby in Paradise,0.941994,08-10-1993,1001437,114,Drama
tt0114305,Rude,0.065827,08-09-1995,0,89,Drama
tt0108002,Rudy,5.914833,17-09-1993,22750363,114,Comedy
tt0111048,S.F.W.,2.504529,15-09-1994,0,96,Fantasy
tt0114319,Sabrina,6.677277,15-12-1995,0,127,Comedy
tt0114323,Safe,8.180047,23-06-1995,0,119,Adventure
tt0111054,Safe Passage,4.931565,01-12-1994,0,98,Documentry
tt0108052,Schindler's List,41.725123,29-11-1993,321365567,195,Family
tt0102855,Schrei aus Stein,0.736081,01-01-1991,0,105,Thriller
tt0114367,Screamers,12.758848,08-09-1995,5781885,108,Documentry
tt0114369,Se7en,18.45743,22-09-1995,327311859,127,Documentry
tt0108065,Searching for Bobby Fischer,12.048587,13-08-1993,7266383,110,Drama
tt0111102,Second Best,0.882596,30-09-1994,0,105,Drama
tt0113936,Senior Trip,5.05806,08-09-1995,0,91,Music
tt0114388,Sense and Sensibility,10.673167,13-12-1995,135000000,136,Adventure
tt0111127,Serial Mom,5.305311,13-04-1994,7820688,95,Adventure
tt0117608,Sgt. Bilko,5.70904,29-03-1996,0,90,Comedy
tt0108101,Shadowlands,2.96586,25-12-1993,0,131,Adventure
tt0111149,Shallow Grave,8.223026,22-12-1994,0,92,Thriller
tt0111173,Shopping,2.657647,06-12-1994,0,105,Drama
tt0108122,Short Cuts,8.829337,05-09-1993,6110979,187,Thriller
tt0114436,Showgirls,17.502375,22-09-1995,20350754,128,Action
tt0111201,Sirens,2.86213,01-10-1993,7770731,98,Documentry
tt0108149,Six Degrees of Separation,8.730025,08-12-1993,0,112,Adventure
tt0108160,Sleepless in Seattle,10.234919,24-06-1993,227799884,105,Documentry
tt0108162,Sliver,11.23297,21-05-1993,116300000,108,Music
tt0114478,Smoke,5.552946,09-06-1995,8349430,112,Adventure
tt0029583,Snow White and the Seven Dwarfs,16.263878,20-12-1937,184925486,83,Adventure
tt0108174,So I Married an Axe Murderer,8.051914,30-07-1993,11585483,93,Adventure
tt0114496,Something to Talk About,3.743212,04-08-1995,50892160,106,Fantasy
tt0108186,Son in Law,9.122718,02-07-1993,36448200,95,Thriller
tt0114500,Sonic Outlaws,0.001838,01-08-1995,0,87,Thriller
tt0111252,Spanking the Monkey,2.799575,15-01-1994,0,106,Action
tt0114508,Species,13.492845,07-07-1995,113374103,108,Action
tt0111256,Speechless,2.334226,16-12-1994,0,99,Music
tt0111257,Speed,10.859292,09-06-1994,350448145,116,Documentry
tt0111280,Star Trek: Generations,8.105708,17-11-1994,120000000,118,Drama
tt0076759,Star Wars,42.149697,25-05-1977,775398007,121,Drama
tt0111282,Stargate,13.328924,27-10-1994,196567262,121,Drama
tt0114536,Steal Big Steal Little,1.522412,29-09-1995,6278139,113,Family
tt0114558,Strange Days,11.223055,13-10-1995,7959291,145,Comedy
tt0111301,Street Fighter,13.58449,22-12-1994,99423521,102,Family
tt0108238,Striking Distance,13.390917,17-09-1993,0,102,Drama
tt0114571,Stuart Saves His Family,1.390885,12-04-1995,0,95,Drama
tt0114576,Sudden Death,5.23158,22-12-1995,64350171,106,Animation
tt0108255,Super Mario Bros.,7.198455,28-05-1993,20915465,104,Action
tt0111323,Surviving the Game,3.644641,15-04-1994,7690013,96,Adventure
tt0108260,Suture,1.298224,14-09-1993,102780,96,Documentry
tt0114594,Swimming with Sharks,5.869261,10-09-1994,0,101,Documentry
tt0114608,Tales from the Crypt: Demon Knight,9.455342,13-01-1995,0,92,Drama
tt0114609,Tales from the Hood,2.86007,24-05-1995,12000000,98,Action
tt0114614,Tank Girl,7.602087,31-03-1995,4064495,98,Adventure
tt0114618,Target,0.001205,01-08-1995,0,122,Adventure
tt0075314,Taxi Driver,14.092713,07-02-1976,28262574,114,Action
tt0111400,Terminal Velocity,8.012225,23-09-1994,16478900,102,Fantasy
tt0103064,Terminator 2: Judgment Day,22.661695,01-07-1991,520000000,137,Drama
tt0112288,The Addiction,3.137285,10-01-1995,0,82,Adventure
tt0109045,"The Adventures of Priscilla, Queen of the Desert",8.328596,31-05-1994,11220670,104,Adventure
tt0106226,The Age of Innocence,8.013617,17-09-1993,32255440,139,Adventure
tt0109067,The Air Up There,1.896273,07-01-1994,21011500,107,Action
tt0112342,The Amazing Panda Adventure,2.375865,25-08-1995,0,81,Animation
tt0112346,The American President,6.318445,17-11-1995,107879496,106,Family
tt0065421,The Aristocats,9.834047,23-12-1970,55675257,78,Adventure
tt0112438,The Babysitter,2.761837,17-10-1995,0,90,Adventure
tt0112435,The Baby-Sitters Club,2.15805,18-08-1995,0,94,Adventure
tt0112461,The Basketball Diaries,7.415144,21-04-1995,0,102,Family
tt0109226,"The Beans of Egypt, Maine",0.38247,01-01-1994,0,0,Adventure
tt0106400,The Beverly Hillbillies,5.673735,15-10-1993,0,93,Family
tt0112499,The Big Green,5.982764,29-09-1995,0,100,Drama
tt0115685,The Birdcage,6.49968,08-03-1996,185260553,117,Action
tt0106473,The Boys of St. Vincent,0.86539,06-12-1992,0,90,Drama
tt0112572,The Brady Bunch Movie,4.233092,16-02-1995,0,84,Drama
tt0112579,The Bridges of Madison County,5.951077,28-05-1995,182016617,135,Music
tt0112585,The Brothers McMullen,2.039196,09-08-1995,0,98,Comedy
tt0109340,The Browning Version,3.727644,12-10-1994,0,97,Documentry
tt0112651,The Celluloid Closet,6.784687,30-01-1996,0,102,Comedy
tt0109446,The Client,15.263829,20-07-1994,117615211,119,Documentry
tt0109493,The Cowboy Way,4.286279,03-06-1994,0,102,Action
tt0112744,The Crossing Guard,5.756462,15-11-1995,0,111,Music
tt0109506,The Crow,15.799336,11-05-1994,94000000,102,Thriller
tt0112757,The Cure,2.686342,21-04-1995,0,97,Drama
tt0112887,The Doom Generation,7.120806,27-10-1995,0,80,Action
tt0109729,The Endless Summer 2,0.408159,03-06-1994,0,109,Comedy
tt0112966,The Englishman Who Went Up a Hill But Came Down a Mountain,5.331753,12-05-1995,0,99,Action
tt0109783,The Favor,1.344876,29-04-1994,0,97,Family
tt0113043,The Fear,0.268043,20-01-1995,0,98,Adventure
tt0106918,The Firm,9.678367,30-06-1993,270248367,154,Thriller
tt0109813,The Flintstones,15.019586,26-05-1994,341631208,91,Drama
tt0106977,The Fugitive,10.08937,06-08-1993,368875760,130,Adventure
tt0109890,The Getaway,14.214403,11-02-1994,30,115,Music
tt0109906,The Glass Shield,1.012197,16-09-1994,0,109,Adventure
tt0107151,The House of the Spirits,10.687795,19-10-1993,0,140,Drama
tt0110074,The Hudsucker Proxy,7.550545,11-03-1994,0,111,Comedy
tt0113360,The Hunted,2.756986,24-02-1995,0,106,Action
tt0113419,The Indian in the Cupboard,10.673296,14-07-1995,0,96,Drama
tt0110137,The Inkwell,0.613335,22-04-1994,8880705,110,Drama
tt0110189,The Jerky Boys,0.748846,03-02-1995,0,82,Animation
tt0113490,The Journey of August King,0.411424,14-09-1995,0,91,Animation
tt0110213,The Jungle Book,10.714235,23-12-1994,0,111,Comedy
tt0116731,The Juror,6.010579,02-02-1996,0,118,Thriller
tt0113613,The Last Supper,4.619915,08-09-1995,442965,92,Thriller
tt0110357,The Lion King,21.605761,23-06-1994,788241776,89,Animation
tt0110366,The Little Rascals,6.707109,05-08-1994,67308282,82,Adventure
tt0110428,The Madness of King George,4.81307,28-12-1994,0,107,Adventure
tt0107501,The Man without a Face,5.997712,25-08-1993,24760338,114,Drama
tt0110475,The Mask,14.13488,29-07-1994,351583407,101,Drama
tt0110622,The Naked Gun 33⅓: The Final Insult,10.587232,18-03-1994,51132598,83,Adventure
tt0113952,The Neon Bible,0.370342,23-08-1995,0,91,Action
tt0113957,The Net,13.304342,28-07-1995,110627965,114,Adventure
tt0110647,The NeverEnding Story III,6.252377,26-10-1994,0,95,Adventure
tt0110649,The New Age,0.596207,16-09-1994,0,112,Drama
tt0110657,The Next Karate Kid,9.9697,18-07-1994,15826984,107,Drama
tt0107688,The Nightmare Before Christmas,17.730913,09-10-1993,75634409,76,Comedy
tt0110763,The Pagemaster,7.436001,23-11-1994,13670688,80,Drama
tt0117283,The Pallbearer,8.174116,03-05-1996,0,97,Family
tt0110771,The Paper,4.006063,18-03-1994,0,112,Drama
tt0114113,The Perez Family,1.433544,12-05-1995,2832826,113,Adventure
tt0107822,The Piano,7.436758,19-05-1993,116700000,121,Thriller
tt0107889,The Program,3.199976,24-09-1993,23042200,112,Adventure
tt0114194,The Prophecy,10.187623,01-09-1995,16,98,Music
tt0111003,The Puppet Masters,7.272296,21-10-1994,8638072,109,Documentry
tt0114214,The Quick and the Dead,7.54701,09-02-1995,18552460,107,Adventure
tt0110955,The Ref,5.868677,09-03-1994,11439193,97,Music
tt0107943,The Remains of the Day,12.222576,05-11-1993,23237911,134,Thriller
tt0110997,The River Wild,10.511241,30-09-1994,0,111,Adventure
tt0111001,The Road to Wellville,3.416181,28-10-1994,0,118,Drama
tt0108026,The Saint of Fort Washington,1.065843,03-11-1993,0,99,Comedy
tt0111070,The Santa Clause,9.665424,10-11-1994,189833357,97,Adventure
tt0114345,The Scarlet Letter,6.752119,13-10-1995,10382407,135,Drama
tt0111094,The Scout,5.715608,30-09-1994,0,101,Family
tt0108069,The Secret Adventures of Tom Thumb,0.381704,10-12-1993,0,61,Family
tt0108071,The Secret Garden,6.499523,13-08-1993,0,102,Drama
tt0111112,The Secret of Roan Inish,1.750481,01-01-1994,0,97,Drama
tt0111143,The Shadow,7.881107,01-07-1994,48063435,108,Drama
tt0111161,The Shawshank Redemption,51.645403,23-09-1994,28341469,142,Thriller
tt0114435,The Show,0.159596,25-08-1995,0,93,Drama
tt0102926,The Silence of the Lambs,4.307222,01-02-1991,272742922,119,Documentry
tt0111255,The Specialist,10.388183,07-10-1994,170362582,110,Adventure
tt0114534,The Stars Fell on Henrietta,0.913522,15-09-1995,0,109,Drama
tt0111309,The Sum of Us,1.407427,12-07-1994,0,100,Music
tt0111333,The Swan Princess,8.910462,18-11-1994,9771658,89,Drama
tt0108333,The Three Musketeers,6.34785,11-11-1993,53898845,105,Comedy
tt0114666,The Tie That Binds,1.820419,08-09-1995,5780000,99,Animation
tt0114788,The Underneath,2.059771,28-04-1995,0,99,Comedy
tt0114814,The Usual Suspects,16.302466,19-07-1995,23341568,106,Music
tt0114888,The Walking Dead,0.620873,24-02-1995,0,88,Comedy
tt0111667,The War,3.908596,04-11-1994,0,126,Drama
tt0108515,The War Room,1.273617,05-12-1993,0,96,Drama
tt0065214,The Wild Bunch,11.722424,17-06-1969,638641,145,Adventure
tt0111752,The Wooden Man's Bride,0.088451,05-02-1994,0,113,Drama
tt0115033,The Young Poisoner's Handbook,6.178497,20-01-1995,0,99,Comedy
tt0114658,Theodore Rex,2.583686,14-12-1995,0,92,Action
tt0114660,Things to Do in Denver When You're Dead,4.486179,01-12-1995,529766,116,Drama
tt0108328,Thirty Two Short Films About Glenn Gould,0.873068,26-11-1993,0,93,Action
tt0114663,Three Wishes,11.002046,27-10-1995,7025496,115,Family
tt0111418,Threesome,10.82236,08-04-1994,0,93,Drama
tt0111438,Timecop,8.907074,15-09-1994,101646581,99,Music
tt0114681,To Die For,10.448481,20-05-1995,21284514,106,Thriller
tt0114682,"To Wong Foo, Thanks for Everything! Julie Newmar",7.653446,07-09-1995,47774193,105,Drama
tt0111454,Tom & Viv,0.704204,15-04-1994,0,115,Adventure
tt0112302,Tom and Huck,2.561161,22-12-1995,0,97,Comedy
tt0108358,Tombstone,11.338194,25-12-1993,56505065,130,Animation
tt0114694,Tommy Boy,11.971318,31-03-1995,32648673,97,Action
tt0114702,Total Eclipse,4.546552,02-11-1995,339889,111,Family
tt0114706,Tough and Deadly,0.426887,14-02-1995,0,92,Thriller
tt0114709,Toy Story,21.946943,30-10-1995,373554033,81,Drama
tt0111488,Trial by Jury,0.85586,09-09-1994,0,107,Family
tt0111507,Trois couleurs : Blanc,6.5898,26-01-1994,0,91,Comedy
tt0108394,Trois couleurs : Bleu,8.843517,10-01-1993,0,98,Comedy
tt0111495,Trois couleurs : Rouge,7.832755,27-05-1994,0,99,Drama
tt0111503,True Lies,11.396099,14-07-1994,378882411,141,Thriller
tt0108399,True Romance,17.189328,09-09-1993,12281551,120,Family
tt0114746,Twelve Monkeys,12.297305,29-12-1995,168840000,129,Action
tt0114753,Two Bits,4.046208,22-10-1995,0,85,Drama
tt0118002,Two If by Sea,2.174487,12-01-1996,0,96,Family
tt0118001,Two Much,1.620174,14-02-1996,0,118,Adventure
tt0111543,Un indien dans la ville,4.728163,14-12-1994,0,90,Drama
tt0114781,Under Siege 2: Dark Territory,7.490247,13-07-1995,104324083,100,Drama
tt0118040,Unforgettable,2.464425,23-02-1996,0,106,Adventure
tt0114798,Unstrung Heroes,2.881689,15-09-1995,0,93,Drama
tt0114805,Unzipped,0.786023,11-08-1995,0,73,Adventure
tt0118055,Up Close & Personal,3.402749,01-03-1996,0,119,Fantasy
tt0114825,Vampire in Brooklyn,9.071127,26-10-1995,19800000,100,Family
tt0111590,Vanya on 42nd Street,7.039846,13-09-1994,0,119,Drama
tt0114852,Village of the Damned,6.529879,28-04-1995,0,99,Fantasy
tt0114857,Virtuosity,5.188399,04-08-1995,24048000,106,Family
tt0114885,Waiting to Exhale,3.859495,22-12-1995,81452156,127,Fantasy
tt0114898,Waterworld,16.885184,28-07-1995,264218220,135,Adventure
tt0114906,Welcome to the Dollhouse,5.14056,24-05-1995,0,88,Adventure
tt0111689,What Happened Was...,0.534606,09-09-1994,0,91,Drama
tt0108550,What's Eating Gilbert Grape,10.3919,17-12-1993,10032765,118,Animation
tt0108551,What's Love Got to Do with It,14.820883,09-06-1993,0,118,Drama
tt0111693,When a Man Loves a Woman,4.322544,29-04-1994,50021959,126,Adventure
tt0114916,When Night Is Falling,3.302524,05-05-1995,0,96,Documentry
tt0114924,While You Were Sleeping,15.783615,21-04-1995,182057016,103,Family
tt0114928,White Man's Burden,1.834099,01-12-1995,0,89,Thriller
tt0118158,White Squall,9.568604,02-02-1996,10300000,129,Action
tt0111709,Wide Eyed and Legless,0.00015,05-09-1993,0,102,Adventure
tt0111712,Widows' Peak,0.409427,13-05-1994,0,101,Drama
tt0114938,Wild Bill,8.922139,01-12-1995,0,98,Thriller
tt0111732,With Honors,2.969003,29-04-1994,0,103,Drama
tt0111742,Wolf,14.063845,17-06-1994,0,125,Drama
tt0111756,Wyatt Earp,9.277147,24-06-1994,25052000,191,Drama
tt0049967,X: The Unknown,7.530903,21-09-1956,0,81,Action
tt0160009,The Art of War,9.800232,23-08-2000,30199105,117,Adventure
tt0236008,The Ballad of Ramblin' Jack,0.00259,26-01-2000,0,112,Fantasy
tt0168515,Phish: Bittersweet Motel,0.158157,25-08-2000,0,82,Action
tt0204946,Bring It On,6.402888,25-08-2000,90449929,98,Drama
tt0162903,Catfish in Black Bean Sauce,0.003552,09-06-2000,0,119,Comedy
tt0198386,The Crew,2.086952,21-08-2000,0,88,Comedy
tt0234137,Love & Sex,9.684941,24-01-2000,0,82,Animation
tt0161216,Steal This Movie,1.391996,18-08-2000,0,107,Family
tt0157182,Went to Coney Island on a Mission from God... Be Back by Five,0.001652,01-01-1998,0,94,Family
tt0209322,Skipped Parts,1.975975,06-06-2000,0,100,Drama
tt0144964,Highlander: Endgame,11.430964,01-09-2000,15843608,87,Drama
tt0259207,Backstage,0.363422,08-09-2000,0,86,Drama
tt0216772,Turn It Up,1.316179,06-09-2000,0,86,Adventure
tt0187696,Anatomie,5.566781,03-02-2000,0,103,Drama
tt0171580,Nurse Betty,6.335925,08-09-2000,0,108,Adventure
tt0190798,Solas,0.454971,05-03-1999,0,101,Thriller
tt0204626,The Watcher,6.173059,08-09-2000,0,96,Thriller
tt0202677,The Way of the Gun,6.03633,08-09-2000,19125401,119,Documentry
tt0181875,Almost Famous,9.086699,15-09-2000,47383689,122,Adventure
tt0211938,Bait,3.155291,14-09-2000,0,119,Documentry
tt0191037,Circus,0.652784,05-05-2000,0,95,Music
tt0197384,Crime + Punishment in Suburbia,5.062928,01-01-2000,26394,100,Music
tt0134630,Duets,3.587042,09-09-2000,0,112,Thriller
tt0210717,Goya en Burdeos,1.300405,04-09-1999,0,100,Adventure
tt0182508,Urbania,0.445233,24-01-2000,0,103,Drama
tt0188694,Uninvited Guest,0.269126,01-06-1999,170832,116,Drama
tt0181836,The Specials,5.46027,22-09-2000,0,82,Action
tt0164212,Under Suspicion,11.839267,24-09-2000,260562,110,Adventure
tt0170452,Prince of Central Park,1.191371,22-09-2000,0,109,Fantasy
tt0192731,Urban Legends: Final Cut,12.243528,19-09-2000,38574362,97,Action
tt0206420,Woman on Top,2.935127,22-09-2000,0,92,Drama
tt0168629,Dancer in the Dark,10.684806,17-05-2000,40031879,140,Comedy
tt0218839,Best in Show,6.256848,19-09-2000,0,90,Comedy
tt0210567,Beautiful,2.788606,10-09-2000,0,112,Animation
tt0211219,Barenaked in America,0.092135,01-01-1999,0,0,Family
tt0222850,The Broken Hearts Club: A Romantic Comedy,1.795849,01-02-2000,1744858,94,Family
tt0210075,Girlfight,4.152211,01-05-2000,0,110,Drama
tt0210945,Remember the Titans,6.587726,29-09-2000,136706683,113,Drama
tt0093177,Hellraiser,10.81305,11-09-1987,14564027,94,Drama
tt0095294,Hellbound: Hellraiser II,8.541732,23-12-1988,12090735,97,Adventure
tt0104409,Hellraiser III: Hell on Earth,6.546551,11-09-1992,12534961,93,Drama
tt0107209,"In weiter Ferne, so nah!",2.958988,09-09-1993,810455,144,Adventure
tt0056860,Beach Party,0.816475,07-08-1963,0,101,Thriller
tt0057887,Bikini Beach,0.706082,22-07-1964,0,99,Thriller
tt0053219,Return of the Fly,4.804353,01-07-1959,0,80,Documentry
tt0058440,Pajama Party,0.297137,11-11-1964,0,82,Adventure
tt0088184,Stranger Than Paradise,11.33706,01-10-1984,0,89,Documentry
tt0055608,Voyage to the Bottom of the Sea,3.013584,12-07-1961,7000000,105,Music
tt0060397,Fantastic Voyage,12.53841,24-08-1966,12000000,100,Music
tt0040068,Bud Abbott Lou Costello Meet Frankenstein,4.372409,15-06-1948,0,83,Thriller
tt0032234,The Bank Dick,1.423358,29-11-1940,0,72,Adventure
tt0046876,Creature from the Black Lagoon,7.390658,05-03-1954,1300000,79,Drama
tt0052846,The Giant Gila Monster,1.847223,25-06-1959,0,74,Drama
tt0024184,The Invisible Man,5.192905,13-11-1933,0,71,Action
tt0052969,The Killer Shrews,1.230246,25-06-1959,0,69,Adventure
tt0050610,Kronos,0.935835,31-03-1957,0,78,Fantasy
tt0036261,Phantom of the Opera,3.658396,27-08-1943,0,92,Action
tt0088024,Runaway,2.537509,14-12-1984,0,100,Drama
tt0084695,The Slumber Party Massacre,6.133484,12-11-1982,0,77,Comedy
tt0093996,Slumber Party Massacre II,1.718146,30-10-1987,0,75,Comedy
tt0100639,Slumber Party Massacre III,1.986075,07-09-1990,0,87,Animation
tt0091990,Sorority House Massacre,1.872461,01-10-1986,0,74,Family
tt0100663,Sorority House Massacre II,0.763373,05-10-1990,0,80,Family
tt0215545,Bamboozled,4.380258,06-10-2000,0,135,Drama
tt0210584,Bootmen,1.40065,05-10-2000,0,89,Drama
tt0259974,Digimon: The Movie,5.300501,17-03-2000,0,82,Drama
tt0208988,Get Carter,6.047757,06-10-2000,19412993,102,Adventure
tt0067128,Get Carter,7.505268,03-03-1971,0,112,Drama
tt0212338,Meet the Parents,14.178281,06-10-2000,330444045,108,Adventure
tt0180093,Requiem for a Dream,6.874828,27-10-2000,7390108,102,Thriller
tt0170691,Tigerland,5.878885,22-09-2000,0,101,Thriller
tt0202641,Two Family House,0.265689,21-01-2000,0,104,Documentry
tt0208874,The Contender,15.072042,13-10-2000,0,126,Adventure
tt0205271,Dr. T and the Women,6.761308,13-09-2000,0,121,Documentry
tt0162236,Just Looking,0.484849,21-10-1999,0,97,Music
tt0213790,The Ladies Man,3.755409,13-10-2000,13700000,84,Music
tt0160484,Lost Souls,6.604577,13-10-2000,0,97,Thriller
tt0066832,Billy Jack,2.157316,02-08-1971,0,114,Adventure
tt0075754,Billy Jack Goes to Washington,0.357885,16-04-1977,0,155,Drama
tt0054387,The Time Machine,12.054356,17-08-1960,0,103,Drama
tt0113269,Haunted,3.287359,27-10-1995,0,108,Action
tt0089200,Ghoulies,4.734765,08-11-1984,35000000,81,Adventure
tt0093091,Ghoulies II,3.606319,18-09-1987,0,89,Fantasy
tt0058708,The Unsinkable Molly Brown,5.139716,11-06-1964,0,128,Action
tt0041094,The Adventures of Ichabod and Mr. Toad,7.554977,05-10-1949,0,68,Drama
tt0038988,The Strange Love of Martha Ivers,7.898057,24-07-1946,0,116,Comedy
tt0037638,Detour,3.392467,30-11-1945,0,67,Comedy
tt0249462,Billy Elliot,12.158424,18-05-2000,110000000,110,Animation
tt0230030,Bedazzled,8.781588,19-10-2000,90383208,93,Family
tt0199753,Red Planet,8.534176,10-11-2000,33463969,106,Music
tt0197096,What's Cooking?,0.877264,20-01-2000,0,110,Music
tt0203230,You Can Count on Me,6.505313,17-11-2000,0,111,Thriller
tt0066995,Diamonds Are Forever,12.00491,13-12-1971,116019547,120,Adventure
tt0074452,The Eagle Has Landed,10.982385,24-12-1976,0,135,Drama
tt0216216,The 6th Day,8.41311,17-11-2000,96085477,123,Drama
tt0186894,Bounce,13.349518,15-11-2000,36779296,106,Action
tt0170016,How the Grinch Stole Christmas,11.642462,17-11-2000,345141403,104,Adventure
tt0230591,One Day in September,1.039367,22-10-1999,0,94,Fantasy
tt0213203,Rugrats in Paris: The Movie,5.568359,14-09-2000,103,78,Action
tt0092842,Dead of Winter,0.096403,06-02-1987,2413427,100,Adventure
tt0092843,The Dead,1.543035,03-09-1987,0,83,Fantasy
tt0092854,Death Before Dishonor,0.000603,20-02-1987,0,91,Action
tt0092897,Disorderlies,1.416498,14-07-1987,10348437,86,Drama
tt0092904,Dogs in Space,0.256896,18-12-1986,0,103,Comedy
tt0092948,Eddie Murphy Raw,11.266569,25-11-1987,50504655,90,Comedy
tt0092965,Empire of the Sun,10.220906,09-12-1987,22238696,153,Animation
tt0092974,Ernest Goes to Camp,5.712291,22-05-1987,23509382,92,Family
tt0083907,The Evil Dead,10.421679,15-10-1981,29400000,85,Family
tt0092997,Extreme Prejudice,6.407061,24-04-1987,0,101,Drama
tt0093006,Family Viewing,1.131486,02-10-1987,0,86,Drama
tt0093029,Five Corners,5.939428,11-09-1987,0,90,Drama
tt0093036,Flowers in the Attic,2.967729,20-11-1987,0,93,Adventure
tt0093044,The Fourth Protocol,3.246823,28-08-1987,0,119,Drama
tt0093073,Gardens of Stone,2.787833,05-05-1987,5262047,111,Adventure
tt0093092,Giulia e Giulia,0.756115,01-01-1987,0,98,Thriller
tt0093093,The Glass Menagerie,0.64701,23-10-1987,0,134,Thriller
tt0093104,"Good Morning, Babilonia",1.077673,13-05-1987,183700,117,Documentry
tt0093186,Hiding Out,2.026942,06-11-1987,0,98,Adventure
tt0093200,Hollywood Shuffle,6.502861,20-03-1987,0,78,Documentry
tt0093209,Hope and Glory,3.390491,03-09-1987,0,113,Music
tt0093215,Hot Pursuit,6.816276,08-05-1987,4215859,93,Music
tt0093225,Housekeeping,0.773954,25-11-1987,1083282,116,Thriller
tt0093231,Hunk,1.832238,06-03-1987,1749956,102,Adventure
tt0093260,Innerspace,10.134408,30-06-1987,25893810,120,Drama
tt0093277,Ironweed,2.601933,18-12-1987,0,143,Drama
tt0093278,Ishtar,3.986985,15-05-1987,14375181,107,Action
tt0093300,Jaws: The Revenge,9.327986,17-07-1987,51881013,89,Adventure
tt0093405,Leonard Part 6,3.47537,18-12-1987,4916871,85,Fantasy
tt0093407,Less Than Zero,4.028679,06-11-1987,12396383,98,Action
tt0093418,Like Father Like Son,9.071509,02-10-1987,34377585,96,Drama
tt0093437,The Lost Boys,9.099731,31-07-1987,32222567,97,Comedy
tt0093467,Made in Heaven,1.403116,06-11-1987,0,103,Comedy
tt0093476,Maid to Order,1.542276,10-07-1987,9868521,93,Animation
tt0093477,Making Mr. Right,1.954131,01-01-1987,0,98,Family
tt0093493,Mannequin,8.525782,13-02-1987,42721196,89,Family
tt0093507,Masters of the Universe,7.106954,07-08-1987,17336370,106,Drama
tt0093539,Million Dollar Mystery,0.005351,12-06-1987,0,95,Drama
tt0093560,The Monster Squad,7.075534,14-08-1987,3769990,82,Drama
tt0093562,A Month in the Country,4.366662,01-01-1987,0,96,Adventure
tt0093567,Morgan Stewart's Coming Home,0.393208,20-02-1987,0,96,Drama
tt0093589,My Demon Lover,0.559319,24-04-1987,0,90,Adventure
tt0093638,No Man's Land,2.406724,23-10-1987,0,106,Thriller
tt0093648,North Shore,1.047417,14-08-1987,3832228,96,Thriller
tt0192111,Head Over Heels,5.594987,02-02-2001,10424470,86,Documentry
tt0190524,Left Behind,2.663191,30-10-2000,0,96,Adventure
tt0030386,Love Finds Andy Hardy,0.899034,22-07-1938,0,91,Documentry
tt0055100,Lover Come Back,5.076113,20-11-1961,8,107,Adventure
tt0110857,Police Academy: Mission to Moscow,6.168241,09-06-1994,126247,83,Documentry
tt0064893,Ring of Bright Water,0.508126,18-06-1969,0,107,Music
tt0077235,Big Wednesday,11.589692,26-05-1978,0,120,Music
tt0089160,Fool for Love,0.830943,06-12-1985,0,106,Thriller
tt0087337,Give My Regards to Broad Street,1.134476,28-11-1984,0,109,Adventure
tt0146879,The Hi-Line,0.211159,05-05-2000,0,95,Drama
tt0070291,The Last of Sheila,1.569849,14-06-1973,0,120,Drama
tt0105150,The Playboys,1.044831,22-04-1992,0,117,Action
tt0063642,Star!,0.585397,18-07-1968,14000000,176,Adventure
tt0045317,We're Not Married!,1.241513,11-07-1952,0,86,Fantasy
tt0094331,Wish You Were Here,0.290331,24-07-1987,0,92,Action
tt0031022,The Adventures of Sherlock Holmes,2.561651,01-09-1939,0,85,Drama
tt0099166,Book of Love,0.603549,03-08-1990,0,82,Comedy
tt0049301,Helen of Troy,5.489068,26-01-1956,0,118,Comedy
tt0031448,The Hound of the Baskervilles,2.722222,31-03-1939,0,80,Animation
tt0063759,Vargtimmen,4.665202,01-01-1968,0,90,Family
tt0066090,The Molly Maguires,2.27258,27-01-1970,2200000,124,Family
tt0047542,Suddenly,1.859033,07-10-1954,0,75,Drama
tt0120423,Urban Ghost Story,0.085069,13-07-1998,0,82,Drama
tt0039725,Possessed,3.122447,26-07-1947,0,108,Drama
tt0168080,Muertos de risa,0.396431,12-03-1999,0,113,Adventure
tt0034946,Kings Row,0.877933,18-04-1942,0,127,Drama
tt0018051,The Kid Brother,1.13281,17-01-1927,0,82,Adventure
tt0020827,The Divorcee,0.648708,19-04-1930,0,84,Thriller
tt0100129,Meet the Applegates,0.399156,01-02-1991,485772,90,Thriller
tt0093871,Robotto kânibaru,1.193577,21-07-1987,0,92,Documentry
tt0078766,Americathon,0.942425,10-08-1979,0,86,Adventure
tt0092752,The Chipmunk Adventure,3.624446,22-05-1987,0,77,Documentry
tt0041841,Sands of Iwo Jima,2.828371,14-12-1949,7800000,100,Music
tt0811080,Speed Racer,7.134168,09-05-2008,93945766,135,Adventure
tt0857376,Gabriel,3.840024,15-11-2007,0,109,Documentry
tt1007950,Diminished Capacity,1.753039,04-07-2008,0,92,Music
tt0348853,Nathalie...,1.213791,11-09-2003,0,105,Music
tt0488988,Chapter 27,3.695319,25-01-2007,0,84,Thriller
tt0070794,The Thief Who Came to Dinner,0.479557,01-03-1973,0,104,Adventure
tt0865556,The Forbidden Kingdom,6.997601,18-04-2008,127906624,104,Drama
tt0963208,Where in the World Is Osama Bin Laden?,1.476045,21-01-2008,0,93,Drama
tt0815178,The Life Before Her Eyes,12.914737,08-09-2007,0,90,Action
tt0466771,"Puff, Puff, Pass",5.419965,09-05-2006,0,94,Adventure
tt0069134,Pulp,1.397348,01-11-1972,0,95,Fantasy
tt0437954,Virgin Territory,6.100498,17-12-2007,5410749,93,Action
tt1045670,Happy-Go-Lucky,11.361898,18-04-2008,18130888,118,Drama
tt0815241,Religulous,9.045712,01-10-2008,0,101,Comedy
tt0892899,Outpost,5.004215,11-03-2007,0,90,Comedy
tt0845955,Are You Scared?,1.487765,12-09-2006,0,79,Animation
tt0892425,Pries parskrendant i zeme,0.212159,10-10-2005,0,52,Family
tt0470732,Bernard and Doris,1.333473,01-09-2006,0,103,Family
tt0845046,Son of Rambow,7.391932,22-01-2007,6870249,96,Drama
tt1111833,Super High Me,11.320193,13-10-2007,0,89,Drama
tt0032258,Black Friday,1.1357,12-04-1940,0,70,Drama
tt0027800,The Invisible Ray,1.486415,20-01-1936,0,80,Adventure
tt0023249,Murders in the Rue Morgue,2.522351,21-02-1932,0,61,Drama
tt0073240,The Killer Elite,1.3963,19-12-1975,0,122,Adventure
tt0028345,Tarzan Escapes,1.610075,06-11-1936,0,89,Thriller
tt0032007,Tarzan Finds a Son!,2.40912,16-06-1939,0,82,Thriller
tt0034266,Tarzan's Secret Treasure,1.290506,01-12-1941,0,81,Documentry
tt0035419,Tarzan's New York Adventure,4.17024,01-05-1942,0,71,Adventure
tt0045296,Viva Zapata!,5.983838,07-02-1952,0,113,Documentry
tt0419449,Antares,0.927134,03-12-2004,0,105,Music
tt0425326,Outsourced,8.735319,12-09-2006,0,102,Music
tt0800240,Deception,7.720729,24-04-2008,17741298,107,Thriller
tt0871426,Baby Mama,10.901355,23-04-2008,63833449,99,Adventure
tt0494271,La sconosciuta,3.732055,09-10-2006,0,118,Drama
tt0412637,Delirious,4.297666,26-09-2006,0,107,Drama
tt0417871,Klimt,2.987019,03-03-2006,0,131,Action
tt1091617,Expelled: No Intelligence Allowed,1.787297,18-04-2008,7700000,90,Adventure
tt0477916,Viva Cuba,0.867439,20-04-2005,0,93,Fantasy
tt0926129,Prom Night,7.18216,10-04-2008,14796236,88,Action
tt0436889,Die weisse Massai,1.195186,14-09-2005,0,131,Drama
tt0371746,Iron Man,22.073099,30-04-2008,585174222,126,Comedy
tt0193763,Besat,0.529774,25-06-1999,0,96,Comedy
tt0866439,Made of Honor,6.417385,02-05-2008,84601681,101,Animation
tt1012804,Redbelt,5.130795,07-04-2008,0,99,Family
tt0475984,Mister Lonely,2.411188,17-12-2008,0,112,Family
tt0497323,Anamorph,6.410775,21-09-2007,0,107,Drama
tt0281680,"The Bread, My Sweet",0.958152,21-04-2001,1023156,105,Drama
tt0936501,Taken,16.367481,18-02-2008,226830568,93,Drama
tt0977214,Hero Wanted,3.382052,28-03-2008,0,95,Adventure
tt0826711,Le voyage du ballon rouge,2.039973,17-05-2007,0,117,Drama
tt0460791,The Fall,15.855108,03-01-2008,3669465,117,Adventure
tt0942903,Stargate: The Ark of Truth,9.218164,11-03-2008,8900000,97,Thriller
tt0907680,Walk All Over Me,2.469353,01-01-2007,0,98,Thriller
tt0454084,Blind Dating,3.691443,28-07-2006,834457,99,Documentry
tt0790623,Meet Bill,6.226054,07-09-2007,346592,97,Adventure
tt0802948,An American Crime,7.478007,27-07-2007,0,97,Documentry
tt1033643,What Happens in Vegas,10.054226,07-05-2008,170000000,99,Music
tt1080695,Hvid nat,1.055376,26-10-2007,0,100,Music
tt0974959,American Pie Presents: Beta House,7.777928,10-12-2007,0,88,Thriller
tt0795439,Numb,2.445362,30-04-2007,0,93,Adventure
tt0482463,Bella,1.654328,09-09-2006,0,91,Drama
tt0106911,Fiorile,1.087972,06-06-1993,0,118,Drama
tt0046031,The Man Between,5.291637,18-11-1953,0,100,Action
tt0031976,The Stars Look Down,0.703699,22-01-1940,0,110,Adventure
tt0844462,Der unbekannte Soldat,0.050234,21-09-2006,0,97,Fantasy
tt0499448,The Chronicles of Narnia: Prince Caspian,12.490891,15-05-2008,419651413,150,Drama
tt0827517,Reprise,1.871718,03-07-2006,0,105,Comedy
tt0042046,The Window,0.937987,06-08-1949,0,73,Comedy
tt0473389,The Ron Clark Story,1.912009,13-08-2006,0,90,Animation
tt0942384,Shelter,7.72654,16-06-2007,0,97,Family
tt0415489,American Crude,5.678168,03-06-2008,0,94,Family
tt0884224,"War, Inc.",4.800426,28-04-2008,1296184,106,Drama
tt0808486,Suden vuosi,0.167646,05-12-2007,0,95,Drama
tt0830558,The Girl Next Door,4.763911,19-07-2007,0,91,Adventure
tt1112115,King Corn,0.964027,12-10-2007,81368,88,Drama
tt0367882,Indiana Jones and the Kingdom of the Crystal Skull,12.577266,21-05-2008,786636033,122,Adventure
tt0762104,How to Rob a Bank,3.210918,25-01-2007,0,81,Thriller
tt0469099,Hey Hey It's Esther Blueburger,0.481348,10-04-2008,0,103,Thriller
tt0052106,The Quiet American,0.538973,08-02-1958,0,120,Documentry
tt0893509,Blonde and Blonder,1.848167,18-01-2008,0,95,Adventure
tt0387682,Wesley Willis: The Daddy of Rock 'n' Roll,0.002361,22-04-2003,0,59,Documentry
tt0940620,Patti Smith: Dream of Life,1.4236,01-01-2008,0,109,Music
tt0052724,Day of the Outlaw,1.317399,01-07-1959,0,92,Music
tt0435706,Nina's Heavenly Delights,0.770878,28-09-2006,0,94,Thriller
tt0479916,Following Sean,0.252168,05-05-2006,0,87,Adventure
tt0023303,One Hour with You,1.406699,22-03-1932,0,80,Drama
tt0841119,Lake of Fire,0.91505,09-09-2006,25,152,Drama
tt0488604,The Oxford Murders,5.97385,18-01-2008,0,107,Adventure
tt0482599,Shutter,5.233421,21-03-2008,0,85,Fantasy
tt0427998,The Grand,2.393158,07-06-2007,0,104,Action
tt1000774,Sex and the City,9.170332,12-05-2008,415252786,145,Drama
tt0482606,The Strangers,8.845536,29-05-2008,82391145,86,Comedy
tt0379976,Savage Grace,5.225054,18-05-2007,0,97,Comedy
tt1151309,Bigger Stronger Faster*,6.108182,30-05-2008,307811,105,Animation
tt0490076,All the Boys Love Mandy Lane,9.935837,15-02-2008,0,90,Family
tt1219671,Allan Quatermain and the Temple of Skulls,0.75143,29-04-2008,0,98,Drama
tt0441773,Kung Fu Panda,16.897541,04-06-2008,631744560,90,Drama
tt0939681,What Would Jesus Buy?,0.249382,11-03-2007,0,91,Drama
tt0066970,Cold Sweat,2.525934,18-12-1970,0,94,Thriller
tt0052792,The FBI Story,1.380434,01-10-1959,0,149,Adventure
tt0020030,The Iron Mask,0.351862,21-02-1929,0,103,Drama
tt0075263,St. Ives,6.264423,01-08-1976,0,94,Action
tt0063775,Villa Rides,1.188777,29-05-1968,0,125,Adventure
tt0051198,The Wings of Eagles,4.162219,22-02-1957,0,110,Fantasy
tt0027042,Steamboat Round the Bend,0.385059,06-09-1935,0,81,Action
tt0026008,The World Moves On,0.090754,27-06-1934,0,104,Drama
tt0024453,Pilgrimage,0.178164,12-07-1933,0,96,Comedy
tt0053017,Lonelyhearts,1.007012,01-01-1958,0,100,Comedy
tt0424600,The Andromeda Strain,6.438995,10-05-2008,0,180,Animation
tt0071483,Falsche Bewegung,1.588197,01-01-1975,0,103,Family
tt0960144,You Don't Mess with the Zohan,13.116461,05-06-2008,201596308,113,Drama
tt0084465,Panelkapcsolat,0.049377,09-12-1982,0,102,Drama
tt0803057,The Promotion,5.916489,06-06-2008,0,86,Adventure
tt0829098,And When Did You Last See Your Father?,1.040302,05-10-2007,92,92,Drama
tt0846040,Mio fratello è figlio unico,4.391819,20-04-2007,6463286,108,Adventure
tt0758786,Stuck,4.964839,21-05-2007,0,85,Thriller
